{
  "batch_size": 512,
  "jk": "concat",
  "lr": 0.0004465718095416106,
  "patience": 30,
  "readout": "attention",
  "weight_decay": 2.0259768608221306e-05
}
