{
  "batch_size": 512,
  "jk": "concat",
  "lr": 0.0019680599800649128,
  "patience": 30,
  "readout": "sum",
  "weight_decay": 0.00010696402892008527
}
