{
  "batch_size": 128,
  "jk": "last",
  "lr": 0.0023488539537758514,
  "patience": 3,
  "readout": "sum",
  "weight_decay": 3.961699422046444e-05
}
