{
  "batch_size": 512,
  "jk": "max",
  "lr": 0.025125936190360937,
  "patience": 3,
  "readout": "mean",
  "weight_decay": 2.1986285047353006e-05
}
