{
  "batch_size": 64,
  "jk": "concat",
  "lr": 0.00014828969778268408,
  "patience": 3,
  "readout": "sum",
  "weight_decay": 0.0014720051108745896
}
