{
  "batch_size": 512,
  "gaussian_expand": true,
  "gnn_hidden_feats": 64,
  "graph_feats": 128,
  "lr": 0.0002639480734811517,
  "num_gnn_layers": 2,
  "patience": 3,
  "weight_decay": 0.002131450567613569
}
