{
  "alpha": 0.8731920595699334,
  "batch_size": 32,
  "dropout": 0.07001765207708285,
  "gnn_hidden_feats": 32,
  "lr": 0.0004682562483003267,
  "num_gnn_layers": 4,
  "num_heads": 8,
  "patience": 30,
  "predictor_hidden_feats": 256,
  "residual": false,
  "weight_decay": 0.002074983153298509
}
