{
  "batch_size": 64,
  "jk": "sum",
  "lr": 0.0046485897678776485,
  "patience": 30,
  "readout": "sum",
  "weight_decay": 0.0027947446214444767
}
