{
  "batch_size": 128,
  "jk": "last",
  "lr": 0.0015135083464233052,
  "patience": 30,
  "readout": "attention",
  "weight_decay": 0.002217595871900105
}
