{
  "batch_size": 512,
  "jk": "concat",
  "lr": 0.012012690359411063,
  "patience": 30,
  "readout": "sum",
  "weight_decay": 5.358117963097202e-07
}
