{
  "batch_size": 256,
  "edge_hidden_feats": 64,
  "lr": 0.0007665155556178249,
  "node_out_feats": 64,
  "num_layer_set2set": 2,
  "num_step_message_passing": 4,
  "num_step_set2set": 3,
  "patience": 30,
  "weight_decay": 0.0015152431461163147
}
