{
  "batch_size": 512,
  "gaussian_expand": false,
  "gnn_hidden_feats": 256,
  "graph_feats": 256,
  "lr": 0.0006149653013292772,
  "num_gnn_layers": 1,
  "patience": 30,
  "weight_decay": 0.002003308216459167
}
