{
  "alpha": 0.7197105722372982,
  "batch_size": 256,
  "dropout": 0.00033036046538620356,
  "gnn_hidden_feats": 32,
  "lr": 0.029739422059074316,
  "num_gnn_layers": 1,
  "num_heads": 8,
  "patience": 30,
  "predictor_hidden_feats": 32,
  "residual": false,
  "weight_decay": 0.0007476070545723656
}
