{
  "batch_size": 128,
  "jk": "last",
  "lr": 0.003684241891836297,
  "patience": 30,
  "readout": "sum",
  "weight_decay": 0.0018192004446449632
}
