{
  "batch_size": 64,
  "jk": "sum",
  "lr": 0.00201807888828201,
  "patience": 30,
  "readout": "sum",
  "weight_decay": 0.0029245081791971898
}
