{
  "batch_size": 64,
  "edge_hidden_feats": 64,
  "lr": 0.0012167943583608425,
  "node_out_feats": 32,
  "num_layer_set2set": 3,
  "num_step_message_passing": 3,
  "num_step_set2set": 2,
  "patience": 30,
  "weight_decay": 0.0016883196017373992
}
