{
  "batch_size": 128,
  "edge_hidden_feats": 64,
  "lr": 0.0010072922765793442,
  "node_out_feats": 32,
  "num_layer_set2set": 2,
  "num_step_message_passing": 1,
  "num_step_set2set": 2,
  "patience": 30,
  "weight_decay": 0.001444988987734611
}
