{
  "batch_size": 128,
  "dropout": 0.4246486427806226,
  "graph_feat_size": 16,
  "lr": 0.2799816219870452,
  "num_layers": 2,
  "num_timesteps": 1,
  "patience": 30,
  "weight_decay": 0.0009610489977483794
}
