{
  "batch_size": 256,
  "jk": "concat",
  "lr": 0.0024537777646741017,
  "patience": 30,
  "readout": "attention",
  "weight_decay": 0.0008110689592892218
}
