{
  "batch_size": 32,
  "jk": "max",
  "lr": 0.037592972380361474,
  "patience": 30,
  "readout": "max",
  "weight_decay": 0.00044259195086712646
}
