{
  "batch_size": 256,
  "jk": "concat",
  "lr": 0.0016594614349409037,
  "patience": 30,
  "readout": "attention",
  "weight_decay": 0.0003865744904692904
}
