{
  "batch_size": 256,
  "jk": "sum",
  "lr": 0.0005792614370892417,
  "patience": 3,
  "readout": "attention",
  "weight_decay": 3.5138608334314253e-06
}
