{
  "batch_size": 256,
  "gaussian_expand": false,
  "gnn_hidden_feats": 64,
  "graph_feats": 64,
  "lr": 0.019304730824566674,
  "num_gnn_layers": 2,
  "patience": 3,
  "weight_decay": 0.00014074431597979565
}
