{
  "batch_size": 128,
  "dropout": 0.12249297382460408,
  "graph_feat_size": 32,
  "lr": 0.007805579546099391,
  "num_layers": 1,
  "num_timesteps": 4,
  "patience": 30,
  "weight_decay": 0.0006081980506190971
}
