{
  "alpha": 0.03346677694595768,
  "batch_size": 128,
  "dropout": 0.0003186967390128165,
  "gnn_hidden_feats": 128,
  "lr": 0.2908775471197053,
  "num_gnn_layers": 4,
  "num_heads": 4,
  "patience": 30,
  "predictor_hidden_feats": 256,
  "residual": true,
  "weight_decay": 9.28741998135462e-06
}
