{
  "batch_size": 256,
  "jk": "concat",
  "lr": 0.0007635178701763262,
  "patience": 30,
  "readout": "max",
  "weight_decay": 0.00024963281046459784
}
