{
  "batch_size": 512,
  "jk": "last",
  "lr": 0.001041156195100848,
  "patience": 30,
  "readout": "max",
  "weight_decay": 0.0007399351793946772
}
