{
  "batch_size": 128,
  "jk": "sum",
  "lr": 0.011223536124418093,
  "patience": 30,
  "readout": "attention",
  "weight_decay": 0.001743012359692264
}
