{
  "batch_size": 32,
  "gaussian_expand": false,
  "gnn_hidden_feats": 32,
  "graph_feats": 256,
  "lr": 0.003402592506956134,
  "num_gnn_layers": 2,
  "patience": 30,
  "weight_decay": 0.0020723653849218926
}
