{
  "batch_size": 64,
  "gaussian_expand": false,
  "gnn_hidden_feats": 32,
  "graph_feats": 32,
  "lr": 0.04545486339775049,
  "num_gnn_layers": 1,
  "patience": 30,
  "weight_decay": 0.00023692807301030228
}
