{
  "alpha": 0.6294479518124414,
  "batch_size": 512,
  "dropout": 0.06949846918000477,
  "gnn_hidden_feats": 32,
  "lr": 0.037801827370532046,
  "num_gnn_layers": 2,
  "num_heads": 8,
  "patience": 30,
  "predictor_hidden_feats": 64,
  "residual": true,
  "weight_decay": 0.0014391819011883935
}
