{
  "alpha": 0.8613751164365371,
  "batch_size": 64,
  "dropout": 0.3235550393975303,
  "gnn_hidden_feats": 64,
  "lr": 0.0012319777637139415,
  "num_gnn_layers": 4,
  "num_heads": 4,
  "patience": 30,
  "predictor_hidden_feats": 16,
  "residual": true,
  "weight_decay": 0.001914740946268859
}
