{
  "batch_size": 128,
  "batchnorm": false,
  "dropout": 0.05769700663189804,
  "gnn_hidden_feats": 32,
  "lr": 0.12112036225411393,
  "num_gnn_layers": 2,
  "patience": 30,
  "predictor_hidden_feats": 64,
  "residual": true,
  "weight_decay": 0.0013405372514807934
}
