{
  "batch_size": 128,
  "batchnorm": false,
  "dropout": 0.006589580021982596,
  "gnn_hidden_feats": 64,
  "lr": 0.011428538375667777,
  "num_gnn_layers": 1,
  "patience": 30,
  "predictor_hidden_feats": 1024,
  "residual": false,
  "weight_decay": 0.001292343944880391
}
