{
  "batch_size": 64,
  "jk": "last",
  "lr": 0.016323807868240735,
  "patience": 30,
  "readout": "mean",
  "weight_decay": 0.00019320883541792976
}
