{
  "batch_size": 512,
  "jk": "concat",
  "lr": 0.01626762972038756,
  "patience": 30,
  "readout": "sum",
  "weight_decay": 0.0006641390612734168
}
