{
  "batch_size": 256,
  "jk": "concat",
  "lr": 0.02092230927633503,
  "patience": 30,
  "readout": "sum",
  "weight_decay": 0.0020111034335989634
}
