{
  "batch_size": 128,
  "jk": "sum",
  "lr": 0.10441367148980141,
  "patience": 30,
  "readout": "sum",
  "weight_decay": 5.3691841125063505e-06
}
