{
  "batch_size": 512,
  "jk": "sum",
  "lr": 0.04363525697390356,
  "patience": 30,
  "readout": "sum",
  "weight_decay": 0.00010458380016246623
}
