{
  "batch_size": 256,
  "edge_hidden_feats": 32,
  "lr": 0.0003582236898730107,
  "node_out_feats": 32,
  "num_layer_set2set": 3,
  "num_step_message_passing": 3,
  "num_step_set2set": 3,
  "patience": 30,
  "weight_decay": 0.001882106906972343
}
