{
  "batch_size": 256,
  "gaussian_expand": false,
  "gnn_hidden_feats": 128,
  "graph_feats": 16,
  "lr": 0.007880070836328072,
  "num_gnn_layers": 2,
  "patience": 30,
  "weight_decay": 0.0002843986201756859
}
