{
  "batch_size": 256,
  "gaussian_expand": false,
  "gnn_hidden_feats": 64,
  "graph_feats": 64,
  "lr": 0.002161253584332697,
  "num_gnn_layers": 1,
  "patience": 30,
  "weight_decay": 0.001503114696859922
}
