{
  "batch_size": 256,
  "jk": "sum",
  "lr": 0.04169874484424693,
  "patience": 30,
  "readout": "sum",
  "weight_decay": 0.00021885264635364418
}
