{
  "batch_size": 512,
  "jk": "sum",
  "lr": 0.004355479710898058,
  "patience": 30,
  "readout": "attention",
  "weight_decay": 0.0005511351762166026
}
