{
  "batch_size": 64,
  "edge_hidden_feats": 32,
  "lr": 0.00025558990115406854,
  "node_out_feats": 32,
  "num_layer_set2set": 3,
  "num_step_message_passing": 2,
  "num_step_set2set": 2,
  "patience": 30,
  "weight_decay": 1.1829228770819933e-05
}
