{
  "batch_size": 64,
  "gaussian_expand": false,
  "gnn_hidden_feats": 128,
  "graph_feats": 128,
  "lr": 0.00022259059163133414,
  "num_gnn_layers": 1,
  "patience": 30,
  "weight_decay": 0.0010232640559564882
}
