{
  "batch_size": 32,
  "jk": "concat",
  "lr": 0.0012686595443356097,
  "patience": 3,
  "readout": "mean",
  "weight_decay": 0.001233417060890296
}
