{
  "batch_size": 64,
  "jk": "concat",
  "lr": 0.001979947576885688,
  "patience": 3,
  "readout": "attention",
  "weight_decay": 0.0007541054393255765
}
