{
  "batch_size": 128,
  "jk": "concat",
  "lr": 0.002117046769172436,
  "patience": 3,
  "readout": "max",
  "weight_decay": 0.0025862398606286974
}
