{
  "batch_size": 512,
  "gaussian_expand": true,
  "gnn_hidden_feats": 64,
  "graph_feats": 256,
  "lr": 0.0012017709863221026,
  "num_gnn_layers": 1,
  "patience": 3,
  "weight_decay": 0.0017884236674114446
}
