{
  "batch_size": 512,
  "gaussian_expand": true,
  "gnn_hidden_feats": 256,
  "graph_feats": 64,
  "lr": 0.22280361636790463,
  "num_gnn_layers": 5,
  "patience": 3,
  "weight_decay": 0.00043492984484493763
}
