{
  "batch_size": 256,
  "batchnorm": false,
  "dropout": 0.24997398695768708,
  "gnn_hidden_feats": 64,
  "lr": 0.10097480366765507,
  "num_gnn_layers": 1,
  "patience": 10,
  "predictor_hidden_feats": 128,
  "residual": true,
  "weight_decay": 0.0029930026970601377
}
