{
  "batch_size": 32,
  "jk": "concat",
  "lr": 0.02064541030428942,
  "patience": 10,
  "readout": "attention",
  "weight_decay": 0.0027544000743672924
}
