{
  "batch_size": 512,
  "jk": "max",
  "lr": 0.042597014228161284,
  "patience": 10,
  "readout": "attention",
  "weight_decay": 0.00020066278994669388
}
