{
  "batch_size": 512,
  "gaussian_expand": false,
  "gnn_hidden_feats": 64,
  "graph_feats": 64,
  "lr": 0.10592008005751387,
  "num_gnn_layers": 1,
  "patience": 10,
  "weight_decay": 0.00040473826255505677
}
