{
  "batch_size": 128,
  "gaussian_expand": false,
  "gnn_hidden_feats": 64,
  "graph_feats": 32,
  "lr": 0.0066356275261501745,
  "num_gnn_layers": 5,
  "patience": 30,
  "weight_decay": 0.0011183470388493179
}
