{
  "batch_size": 256,
  "gaussian_expand": false,
  "gnn_hidden_feats": 64,
  "graph_feats": 128,
  "lr": 0.0008637455264179758,
  "num_gnn_layers": 5,
  "patience": 30,
  "weight_decay": 0.0008375075418031251
}
